'Adam Afriyie','AdamAfriyie','Windsor'
'Adrian Bailey','Adrian_Bailey','West Bromwich West'
'Adrian Sanders','adriansandersmp','Torbay'
'Aidan Burley','AidanBurleyMP','Cannock Chase'
'Alan Duncan','AlanDuncan4MP','Rutland and Melton'
'Alan Whitehead','alanwhiteheadmp','Southampton, Test'
'Alasdair McDonnell','AMcDonnellMP','Belfast South'
'Alec Shelbrooke','AlecShelbrooke','Elmet and Rothwell'
'Alex Cunningham','ACunninghamMP','Stockton North'
'Alison McGovern','Alison_McGovern','Wirral South'
'Alison Seabeck','alisonseabeck','Plymouth, Devonport'
'Alistair Carmichael','acarmichaelmp','Orkney and Shetland'
'Alun Cairns','AlunCairns','Vale of Glamorgan'
'Amber Rudd','AmberRuddMP','Hastings and Rye'
'AnasSarwar','AnasSarwar','Glasgow Central'
'Andrea Leadsom','andrealeadsom','South Northamptonshire'
'Andrew Bingham','HighPeakAndrew','High Peak'
'Andrew Bridgen','AndrewBridgenMP','North West Leicestershire'
'Andrew George','AndrewGeorgeLD','St Ives'
'Andrew Griffiths','agriffithsmp','Burton'
'Andrew Gwynne','GwynneMP','Denton and Reddish'
'Andrew Jones','AndrewJonesMP','Harrogate and Knaresborough'
'Andrew Miller','APMiller1949','Ellesmere Port and Neston'
'Andrew Murrison','murrisonMP','Westbury'
'Andrew Percy','andrewpercy','Brigg and Goole'
'Andrew Rosindell','AndrewRosindell','Romford'
'Andrew Selous','Andrew_SelousMP','South West Bedfordshire'
'Andrew Stephenson','Andrew4Pendle','Pendle'
'Andy Burnham','leighmp','Leigh'
'Andy Sawford','AndySawfordMP','Corby'
'Andy Slaughter','hammersmithandy','Hammersmith'
'Angela Eagle','angelaeagle','Wallasey'
'Angela Smith','angelasmithmp','Penistone and Stocksbridge'
'Angie Bray','AngieBrayMP','Ealing Central and Acton'
'Angus MacNeil','AngusMacNeilMP','Na h-Eileanan an Iar'
'Angus Robertson','MorayMP','Moray'
'Anna Soubry','Anna_SoubryMP','Broxtowe'
'Ann Coffey','anncoffey_mp','Stockport'
'Anne Marie Morris','AMMorrisMP','Newton Abbot'
'Anne McGuire','AnneMcGuireMP','Stirling'
'Anne McIntosh','AnneMcIntoshMP','Thirsk and Malton'
'Anne Milton','AnneMiltonMP','Guildford'
'Annette Brooke','Annette4MDNP','Mid Dorset and North Poole'
'Ann McKechin','AnnMcKechinMP','Glasgow North'
'Austin Mitchell','AVMitchell2010','Great Grimsby'
'Barbara Keeley','KeeleyMP','Worsley'
'Barry Gardiner','BarryGardiner','Brent North'
'Barry Sheerman','BSheermanMP','Huddersfield'
'Ben Bradshaw','BenPBradshaw','Exeter'
'Ben Gummer','ben4ipswich','Ipswich'
'Bernard Jenkin','bernardjenkin','North Essex'
'Bill Cash','BillCashMP','Stone'
'Bill Esterson','BillEstersonMP','Sefton Central'
'Bob Ainsworth','BobAinsworthMP','Coventry North East'
'Brandon Lewis','BrandonLewis','Great Yarmouth'
'Bridget Phillipson','bphillipsonMP','Houghton and Sunderland South'
'Brooks Newmark','TweetBrooks','Braintree'
'Caroline Dinenage','cj_dinenage','Gosport'
'Caroline Flint','CarolineFlintMP','Don Valley'
'Caroline Lucas','CarolineLucas','Brighton, Pavilion'
'Caroline Nokes','carolinenokes','Romsey and Southampton North'
'Catherine McKinnell','CatMcKinnellMP','Newcastle upon Tyne North'
'Cathy Jamieson','cathyjamieson','Kilmarnock and Loudoun'
'Charles Kennedy','charles_kennedy','Ross, Skye and Lochaber'
'Charlie Elphicke','CharlieElphicke','Dover'
'Charlotte Leslie','CLeslieMP','Bristol North West'
'Cheryl Gillan','CherylGillanMP','Chesham and Amersham'
'Chi Onwurah','ChiOnwurah','Newcastle upon Tyne Central'
'Chloe Smith','ChloeSmithMP','Norwich North'
'Chris Bryant','ChrisBryantMP','Rhondda'
'Chris Heaton-Harris','chhcalling','Daventry'
'Chris Leslie','ChrisLeslieMP','Nottingham East'
'Chris Ruane','ChrisRuaneMP','Vale of Clwyd'
'Chris Skidmore','chrisskidmoremp','Kingswood'
'Christopher Huhne','ChrisHuhne','Eastleigh'
'Christopher Pincher','ChrisPincher','Tamworth'
'Chris White','ChrisWhite_MP','Warwick and Leamington'
'Chris Williamson','ChriswMP','Derby North'
'Chuka Umunna','ChukaUmunna','Streatham'
'Claire Perry','claire4devizes','Devizes'
'Clive Betts','CliveBettsMP','Sheffield, Attercliffe'
'Clive Efford','CliveEfford','Eltham'
'Conor Burns','Conor_BurnsMP','Bournemouth West'
'Conor Murphy','conormurphymp','Newry and Armagh'
'Craig Whittaker','Craig_Whittaker','Calder Valley'
'Crispin Blunt','crispinbluntmp','Reigate'
'Dame Anne Begg','annebegg','Aberdeen South'
'Damian Collins','DamianCollins','Folkestone and Hythe'
'Damian Green','damiangreenmp','Ashford'
'Damian Hinds','damian57','East Hampshire'
'Dan Byles','danielbyles','North Warwickshire'
'Daniel Poulter','DrDanPoulter','Central Suffolk and North Ipswich'
'Dan Jarvis','DanJarvisMP','Barnsley Central'
'Danny Alexander','dannyalexander','Inverness, Nairn, Badenoch and Strathspey'
'David Burrowes','davidburrowesmp','Enfield, Southgate'
'David Cameron','David_Cameron','Witney'
'David Evennett','DavidEvennett','Bexleyheath and Crayford'
'David Hanson','DavidHansonMP','Delyn'
'David Heath','DavidHeathMP','Somerton and Frome'
'David Jones','DavidJonesMP','Clwyd West'
'David Lammy','DavidLammy','Tottenham'
'David Lidington','DLidington','Aylesbury'
'David Miliband','DMiliband','South Shields'
'David Morris','MPDavidMorris','Morecambe and Lunesdale'
'David Mundell','DavidMundellMP','Dumfriesshire, Clydesdale and Tweeddale'
'David Nuttall','DavidNuttallMP','Bury North'
'David Rutley','DavidRutleyMP','Macclesfield'
'David Ward','DavidWardMP','Bradford East'
'David Wright','DavidWrightMP','Telford'
'Debbie Abrahams','Debbie_abrahams','Oldham East and Saddleworth'
'Denis MacShane','DenisMacShane','Rotherham'
'Diana Johnson','DianaJohnsonMP','Kingston upon Hull North'
'Diane Abbott','HackneyAbbott','Hackney North and Stoke Newington'
'Don Foster','DonFosterMP','Bath'
'Douglas Alexander','DAlexanderMP','Paisley and Renfrewshire South'
'Douglas Carswell','DouglasCarswell','Harwich and North Essex'
'Dr Liam Fox','LiamFoxMP','Woodspring'
'Dr Phillip Lee','DrPhillipLeeMP','Bracknell'
'Duncan Hames','duncanhames','Chippenham'
'Ed Balls','edballsmp','Normanton'
'Ed Miliband','Ed_Miliband','Doncaster North'
'Ed Vaizey','edvaizey','Wantage'
'Edward Davey','eddaveykands','Kingston and Surbiton'
'Edward Leigh','edwardleighac','Gainsborough'
'Elizabeth Truss','trussliz','South West Norfolk'
'Emily Thornberry','EmilyThornberry','Islington South and Finsbury'
'Emma Reynolds','EmmaReynoldsMP','Wolverhampton North East'
'Eric Joyce','ericjoyce','Falkirk'
'Eric Pickles','EricPickles','Brentwood and Ongar'
'Esther McVey','EstherMcVeyMP','Wirral West'
'Fabian Hamilton','fabianhamilton','Leeds North East'
'Fiona MacTaggart','fionamacmp','Slough'
'Fiona O'Donnell','FionaODonnellMP','East Lothian'
'Frank Field's Team','frankfieldteam','Birkenhead'
'Frank Roy','FrankRoyMP','Motherwell and Wishaw'
'Gareth Thomas','GarethThomasMP','Harrow West'
'Gavin Barwell','GavinBarwellMP','Croydon Central'
'Gavin Shuker','gavinshuker','Luton South'
'Gavin Williamson','GWilliamsonMP','South Staffordshire'
'Gemma Doyle','GemmaWDMP','West Dunbartonshire'
'Geoffrey Cox','Geoffrey_Cox','Torridge and West Devon'
'George Freeman','Freeman_George','Mid Norfolk'
'George Hollingbery','GHollingbery','Meon Valley'
'Geraint Davies','GeraintDaviesMP','Swansea West'
'Gerald Howarth','geraldhowarth','Aldershot'
'Gerry Sutcliffe','GSutcliffeMP','Bradford South'
'Gisela Stuart','GiselaStuart','Birmingham, Edgbaston'
'Glenda Jackson','glendajacksonmp','Hampstead and Highgate'
'Gloria De Piero','GloriaDePieroMP','Ashfield'
'Glyn Davies','GlynDaviesMP','Montgomeryshire'
'Gordon Birtwistle','GBirtwistle_MP','Burnley'
'Gordon Henderson','ghendersonmp','Sittingbourne and Sheppey'
'Graham Allen','GrahamAllenMP','Nottingham North'
'Grahame Morris','grahamemorris','Easington'
'Graham Evans','GrahamEvansMP','Weaver Vale'
'Graham Jones','GrahamJones_MP','Hyndburn'
'Graham Stuart','grahamstuart','Beverley and Holderness'
'Grant Shapps','grantshapps','Welwyn Hatfield'
'Greg Barker','GregBarkerMP','Bexhill and Battle'
'Greg Clark','gregclarkmp','Tunbridge Wells'
'Gregg McClymont','greggmcclymont','Cumbernauld, Kilsyth and Kirkintilloch East'
'Greg Hands','GregHands','Chelsea and Fulham'
'Greg Knight','gregknightmp','East Yorkshire'
'Greg Mulholland','GregMulholland1','Leeds North West'
'Guto Bebb','GutoBebb','Aberconwy'
'Harriet Harman','HarrietHarman','Camberwell and Peckham'
'Harriett Baldwin','HBaldwinMP','West Worcestershire'
'Hazel Blears','HazelBlearsMP','Salford'
'Heather Wheeler','HeatherWheeler','South Derbyshire'
'Heidi Alexander','heidi_mp','Lewisham East'
'Helen Goodman','HelenGoodmanMP','Bishop Auckland'
'Helen Grant','HelenGrantMP','Maidstone and The Weald'
'Hilary Benn','hilarybennmp','Leeds Central'
'Hugo Swire','HugoSwire','East Devon'
'Huw Irranca-Davies','IrrancaDaviesMP','Ogmore'
'Hywel Williams','HywelWilliamsMP','Caernarfon'
'Iain McKenzie','InverclydeMP','Inverclyde'
'Iain Stewart','iainastewart','Milton Keynes South'
'Iain Wright','IainWrightMP','Hartlepool'
'Ian Austin','IanAustinMP','Dudley North'
'Ian Davidson','IanDavidsonMP','Glasgow South West'
'Ian Lavery','IanLaveryMP','Wansbeck'
'Ian Lucas','IanCLucas','Wrexham'
'Ian Mearns','IanMearnsMP','Gateshead'
'Ian Murray','IanMurrayMP','Edinburgh South'
'Ian Swales','iswales','Redcar'
'Ivan Lewis','IvanLewis_MP','Bury South'
'JackDromeyMP','JackDromeyMP','Birmingham, Erdington'
'Jake Berry','JakeBerryMP','Rossendale and Darwen'
'James Brokenshire','JBrokenshire','Hornchurch'
'James Duddridge','JamesDuddridge','Rochford and Southend East'
'James Gray','JamesGrayMP','North Wiltshire'
'James Morris','JamesMorrisMP','Halesowen and Rowley Regis'
'Jamie Reed','jreedmp','Copeland'
'Jason McCartney','JasonMcCartney','Colne Valley'
'Jeffrey M Donaldson','J_Donaldson_MP','Lagan Valley'
'Jenny Chapman','JennyChapman','Darlington'
'Jenny Willott','JennyWillott','Cardiff Central'
'Jeremy Corbyn','jeremycorbyn','Islington North'
'Jeremy Hunt','Jeremy_Hunt','South West Surrey'
'Jeremy Lefroy','JeremyLefroyMP','Stafford'
'Jesse Norman','Jesse_Norman','Hereford and South Herefordshire'
'Jessica Lee','JessicaLeeMP','Erewash'
'Jim McGovern','JimMcGovernMP','Dundee West'
'Jim Murphy','jimmurphymp','Renfrewshire East'
'Jim Sheridan','JimSheridanMP','Paisley and Renfrewshire North'
'John Denham','JohnDenhamMP','Southampton, Itchen'
'John Glen','JohnGlenMP','Salisbury'
'John Healey','JohnHealey_MP','Wentworth'
'John Hemming','johnhemmingmp','Birmingham, Yardley'
'John Leech','johnleechmcr','Manchester, Withington'
'John Mann','JohnMannOffice','Bassetlaw'
'John McDonnell','johnmcdonnellMP','Hayes and Harlington'
'John Penrose','JohnPenroseNews','Weston-Super-Mare'
'John Pugh','johnpughmp','Southport'
'John Redwood','johnredwood','Wokingham'
'John Robertson','JohnRobertsonMP','Glasgow North West'
'John Spellar','spellar','Warley'
'John Stevenson','JohnStevensonMP','Carlisle'
'John Woodcock','JWoodcockMP','Barrow and Furness'
'Jo Johnson','JoJohnsonMP','Orpington'
'Jonathan Ashworth','JonAshworth','Leicester South'
'Jonathan Djanogly','JDjanogly','Huntingdon'
'Jonathan Edwards','JonathanPlaid','Carmarthen East and Dinefwr'
'Jonathan Evans','JonathanEvansMP','Cardiff North'
'Jonathan Reynolds','jreynoldsMP','Stalybridge and Hyde'
'Jon Cruddas','JonCruddasMP','Dagenham'
'Jon Trickett','jon_trickett','Hemsworth'
'Jo Swinson','joswinson','East Dunbartonshire'
'Julian Huppert','julianhuppert','Cambridge'
'Julian Smith','JulianSmithMP','Skipton and Ripon'
'Julie Ann Hilling','JulieHillingMP','Bolton West'
'Julie Elliott','JulieElliottMP','Sunderland Central'
'Justin Tomlinson','JTomlinsonMP','North Swindon'
'Karen Bradley','karen__bradley','Staffordshire Moorlands'
'Karen Buck','KarenBuckMP','Regent's Park and Kensington North'
'Karl McCartney','karlmccartney','Lincoln'
'Karl Turner','KarlTurnerMP','Kingston upon Hull East'
'Kate Green','KateGreenSU','Stretford and Urmston'
'Keith Vaz','Keith_VazMP','Leicester East'
'Kerry McCarthy','KerryMP','Bristol East'
'Kevan Jones','KevanJonesMP','North Durham'
'Kevin Brennan','KevinBrennanMP','Cardiff West'
'Kwasi Kwarteng','kwasikwarteng','Spelthorne'
'Laura Sandys','LauraSandysMP','South Thanet'
'Liam Byrne','LiamByrneMP','Birmingham, Hodge Hill'
'Lilian Greenwood','LilianGreenwood','Nottingham South'
'Linda Riordan','Linda_Riordan','Halifax'
'Lindsay Hoyle','LindsayHoyle_MP','Chorley'
'Lisa Nandy','lisanandy','Wigan'
'Liz Kendall','leicesterliz','Leicester West'
'Lorely Burt','LorelyBurt','Solihull'
'Louise Ellman','LouiseEllman','Liverpool, Riverside'
'Luciana Berger','lucianaberger','Liverpool, Wavertree'
'Lucy Powell','LucyMPowell','Manchester Central'
'Lynne Featherstone','lfeatherstone','Hornsey and Wood Green'
'Malcolm Bruce','malcolmbruce','Gordon'
'Margaret Curran','Margaret_Curran','Glasgow East'
'Margaret Hodge','margarethodge','Barking'
'Margot James','margotjamesmp','Stourbridge'
'Maria Eagle','meaglemp','Liverpool, Garston'
'Maria_MillerMP','Maria_MillerMP','Basingstoke'
'Mark Durkan','markdurkan','Foyle'
'Mark Field','MarkFieldMP','Cities of London and Westminster'
'Mark Garnier','Mark4WyreForest','Wyre Forest'
'Mark Harper','Mark_J_Harper','Forest of Dean'
'Mark Hunter','markhuntermp','Cheadle'
'Mark Lazarowicz','marklazarowicz','Edinburgh North and Leith'
'Mark Pawsey','MarkPawsey','Rugby'
'Mark Prisk','Mark_Prisk','Hertford and Stortford'
'Mark Pritchard','MPritchardMP','Wrekin, The'
'Mark Reckless','MarkReckless','Rochester and Strood'
'Mark Simmonds','MarkJSimmonds','Boston and Skegness'
'MarkSpencerMP','MarkSpencerMP','Sherwood'
'Mark Williams','mark4ceredigion','Ceredigion'
'Martin Horwood','MartinChelt','Cheltenham'
'Martin Vickers','martinvickersmp','Cleethorpes'
'Mary Creagh','marycreagh_mp','Wakefield'
'Mary Macleod','MaryMacleod4MP','Brentford and Isleworth'
'Matthew Hancock','matthancockmp','West Suffolk'
'Matthew Offord','HendonMP','Hendon'
'Meg Hillier','Meg_HillierMP','Hackney South and Shoreditch'
'Meg Munn','MegMunnMP','Sheffield, Heeley'
'Michael Dugher','MichaelDugherMP','Barnsley East'
'Michael Ellis','Michael_Ellis1','Northampton North'
'Michael Fabricant','Mike_Fabricant','Lichfield'
'Michael McCann','MichaelMcCannMP','East Kilbride, Strathaven and Lesmahagow'
'Michael Meacher','michaelmeacher','Oldham West and Royton'
'Michael Moore','MichaelMooreMP','Berwickshire, Roxburgh and Selkirk'
'Michael Weir','mikeweirsnp','Angus'
'Michelle Gildernew','gildernewmp','Fermanagh and South Tyrone'
'Mike Crockart','CrockartMP','Edinburgh West'
'Mike Freer','mikefreermp','Finchley and Golders Green'
'Mike Gapes','MikeGapes','Ilford South'
'Mike Weatherley','mike_weatherley','Hove'
'Ming Campbell','MingCampbellMP','Fife North East'
'Minister Civ Soc','minforcivsoc','Ruislip - Northwood'
'Nadhim Zahawi','nadhimzahawi','Stratford-on-Avon'
'Nadine Dorries','NadineDorriesMP','Mid Bedfordshire'
'Naomi Long','naomi_long','Belfast East'
'Neil Carmichael','neil_mp','Stroud'
'Nia Griffith','NiaGriffithMP','Llanelli'
'Nic Dakin','NicDakinMP','Scunthorpe'
'Nick Clegg','nick_clegg','Sheffield, Hallam'
'Nick de Bois','nickdebois','Enfield North'
'Nick Harvey','NickHarveyND','North Devon'
'Nick Herbert','nickherbertmp','Arundel and South Downs'
'Nick Smith','NickSmith4BG','Blaenau Gwent'
'Nicky Morgan','NickyMorgan01','Loughborough'
'Nicola Blackwood','nicolablackwood','Oxford West and Abingdon'
'Nigel Adams','nigel4selby','Selby'
'Nigel Dodds','NigelDoddsMP','Belfast North'
'Norman Lamb','normanlamb','North Norfolk'
'Oliver Colvile','olivercolvile','Plymouth, Sutton and Devonport'
'Owen Smith','OwenSmithMP','Pontypridd'
'Pamela Nash','pamela_nash','Airdrie and Shotts'
'Pat Glass','PatGlassMP','North West Durham'
'Pat McFadden','patmcfaddenmp','Wolverhampton South East'
'Paul Blomfield','PaulBlomfieldMP','Sheffield Central'
'Paul Burstow','PaulBurstow','Sutton and Cheam'
'Paul Flynn','Paulflynnmp','Newport West'
'Pauline Latham','Pauline_Latham','Mid Derbyshire'
'Paul Maskey','PaulMaskeyMP','Belfast West'
'Paul Maynard','PaulMaynardMP','Blackpool North and Cleveleys'
'Paul Uppal','pauluppalmp','Wolverhampton South West'
'Penny Mordaunt','PennyMordauntMP','Portsmouth North'
'Peter Aldous','peter_aldous','Waveney'
'Peter Bone','PeterBoneMP','Wellingborough'
'Peter Hain','PeterHain','Neath'
'Peter Luff','PeterJLuff','Mid Worcestershire'
'Pete Wishart','PeteWishart','Perth and Perthshire North'
'Philip Davies','PhilipDaviesMP','Shipley'
'Phil Wilson','PhilWilsonMP','Sedgefield'
'Rachel Reeves','RachelReevesMP','Leeds West'
'Richard Benyon','RichardBenyonMP','Newbury'
'Richard Burden','RichardBurdenMP','Birmingham, Northfield'
'Richard Harrington','Richard4Watford','Watford'
'Robert Blackman-Woods','robertabwMP','Durham, City of'
'Robert Buckland','RobertBuckland','South Swindon'
'Robert Halfon','halfon4harlowMP','Harlow'
'Rob Flello','RobFlelloMP','Stoke-on-Trent South'
'Rob Wilson','RobWilson_RDG','Reading East'
'Roger Godsiff','RogerGodsiff','Birmingham, Sparkbrook and Small Heath'
'Roger Williams','RogerWilliamsMP','Brecon and Radnorshire'
'Rory Stewart','RoryStewartUK','Penrith and The Border'
'Rosie Cooper','rosie4westlancs','West Lancashire'
'Rushanara Ali','rushanaraali','Bethnal Green and Bow'
'Russell Brown','russellbrownmp','Dumfries and Galloway'
'Sadiq Khan','SadiqKhan','Tooting'
'Sam Gyimah','SamGyimah','East Surrey'
'Sarah Wollaston','drwollastonmp','Totnes'
'Shabana Mahmood','ShabanaMahmood','Birmingham, Ladywood'
'Sharon Hodgson','SharonHodgsonMP','Gateshead East and Washington West'
'Sheila Gilmore','SheilaGilmoreMP','Edinburgh East'
'Sheryll Murray','sheryllmurray','South East Cornwall'
'Simon Danczuk','SimonDanczuk','Rochdale'
'Simon Hughes','SimonHughesMP','North Southwark and Bermondsey'
'Simon Kirby','SimonKirbyMP','Brighton, Kemptown'
'Simon Reevell','simonreevell','Dewsbury'
'Simon Wright','SimonWrightMP','Norwich South'
'Siobhain McDonagh','SiobhainMP','Mitcham and Morden'
'Stella Creasy','stellacreasy','Walthamstow'
'Stephen Crabb','SCrabbMP','Preseli Pembrokeshire'
'Stephen Doughty','SDoughtyMP','Cardiff South and Penarth'
'Stephen Gilbert','stephen_gilbert','St Austell and Newquay'
'Stephen Hammond','SHammondMP','Wimbledon'
'Stephen McPartland','SMcPartlandMP','Stevenage'
'Stephen Mosley','mp4chester','City of Chester'
'Stephen Timms','stephenctimms','East Ham'
'Stephen Twigg','StephenTwigg','Liverpool, West Derby'
'Stephen Williams','swilliamsmp','Bristol West'
'Steve Baker','SteveBakerMP','Wycombe'
'Steve Barclay','SteveBarclayMP','North East Cambridgeshire'
'Steve Brine','sbrine','Winchester'
'Steve McCabe','steve_mccabe','Birmingham, Hall Green'
'Steve Rotheram','SteveRotheramMP','Liverpool, Walton'
'Steve Webb','stevewebb1','Northavon'
'Stewart Hosie','StewartHosieMP','Dundee East'
'Stewart Jackson','SJacksonMP','Peterborough'
'Stuart Andrew','StuartAndrewMP','Pudsey'
'Teresa Pearce','tpearce003','Erith and Thamesmead'
'Tessa Jowell','jowellt','Dulwich and West Norwood'
'Tessa Munt','tessamunt','Wells'
'Therese Coffey','theresecoffey','Suffolk Coastal'
'Thomas Docherty','Thomas_Docherty','Dunfermline and West Fife'
'Tim Farron','timfarron','Westmorland and Lonsdale'
'Tim Loughton','timloughton','East Worthing and Shoreham'
'Tobias Ellwood','TobiasEllwoodMP','Bournemouth East'
'Toby Perkins','tobyperkinsmp','Chesterfield'
'Tom Blenkinsop','TomBlenkinsop','Middlesbrough South and East Cleveland'
'Tom Brake','thomasbrake','Carshalton and Wallington'
'Tom Greatrex','tomgreatrexmp','Rutherglen and Hamilton West'
'Tom Harris','TomHarrisMP','Glasgow South'
'Tom Watson','tom_watson','West Bromwich East'
'Tony Baldry','TonyBaldry','Banbury'
'Tracey Crouch','tracey_crouch','Chatham and Aylesford'
'Tristram Hunt','TristramHuntMP','Stoke-on-Trent Central'
'Vernon Coaker','Vernon_CoakerMP','Gedling'
'Vince Cable','vincecable','Twickenham'
'Virendra Sharma','VirendraSharma','Ealing, Southall'
'Wayne David','WayneDavidMP','Caerphilly'
'William Bain','William_Bain','Glasgow North East'
'William Hague','WilliamJHague','Richmond (Yorks)'
'Yasmin Qureshi','YasminQureshiMP','Bolton South East'
'Yvette Cooper','YvetteCooperMP','Pontefract and Castleford'
'Yvonne Fovargue','Y_FovargueMP','Makerfield'
'Zac Goldsmith','ZacGoldsmith','Richmond Park'
